citing_paper,cited_paper
10.1108/02635570110386625,10.1287/opre.46.3.s72
10.1108/02635570110386625,10.1287/opre.46.3.S72
10.1108/13598540810871271,10.1016/S0377-2217(03)00164-43
10.1016/j.indmarman.2022.04.003,10.1080/00207543.2020.1770893
10.1371/journal.pone.0298355,10.1126/science.1231320
10.1287/mnsc.1070.0851,10.1287/mnsc.1040.0218
10.1016/j.jom.2007.01.009,10.1111/j.1937-5956.2001.tb00065.x
10.1016/j.omega.2004.07.006,10.1108/09576060010335627
10.2112/SI93-124.1,10.1016/j.ejor.2007.09.015
10.1016/j.omega.2011.08.009,10.1109/TAC.1974.1100705
10.1016/j.apm.2019.03.015,10.1287/mnsc.47.10.1326.10260
10.1007/s13369-021-06264-5,10.1504/IJISCM.2006.011198
10.1109/TEM.2013.2271534,10.1287/msom.4.1.55.285
10.3389/fpsyg.2022.1101543,10.1016/j.sbspro.2014.04.031
10.1007/s11518-012-5193-2,10.1016/j.ejor.2008.11.049
10.1287/mnsc.48.9.1196.177,10.1287/mnsc.43.12.1609
10.1080/03155986.2022.2094632,10.1016/j.ijpe.2014.07.016
10.23055/ijietap.2024.31.2.9693,10.1080/00207543.2022.2063086
10.1057/palgrave.jors.2601255,10.1287/opre.46.3.S72
10.1109/ACCESS.2022.3194157,10.1364/JOCN.447833
10.6036/10835,10.1287/mnsc.1080.0930
10.1108/IJLM-02-2021-0131,10.1093/fqsafe/fyaa024
10.1016/j.ijpe.2013.09.016,10.1016/j.dss.2004.12.005
10.2112/SI103-148.1,10.1038/s41598-018-22569-2
10.1111/1468-5973.12285,10.1177/160940690500400102
10.1504/IJSTL.2022.120670,10.1016/j.ejor.2007.09.015
10.1109/ACCESS.2020.3031929,10.1016/j.jtbi.2004.06.012
10.1016/j.ijhm.2023.103645,10.1080/16258312.2020.1816361
10.1016/j.cie.2022.108937,10.1016/j.jacceco.2013.01.002
10.1108/SCM-07-2014-0252,10.2307/1251912
10.1155/2021/2769353,10.1287/mnsc.46.8.1032.12029
10.3389/fpsyg.2022.1088077,10.1111/1911-3846.12463
10.1016/j.cie.2022.108642,10.1016/j.cie.2021.107130
10.1108/13598541011080446,10.1002/arco.5207
10.1108/K-02-2024-0380,10.22161/ijebm
10.1108/K-02-2024-0380,10.22161/IJEBM
10.1108/13598541011080437,10.1145/636772.636776
10.1080/13675567.2011.572871,10.1287/orsc.10.1.43
10.1016/j.orl.2014.03.006,10.1080/07408170304368
10.1016/j.orl.2014.03.006,10.1080/07408170390175440
10.1080/00207543.2020.1824082,10.1111/j.1540-5915.2009.00236.x
10.1016/j.orl.2018.04.009,10.1504/IJMTM.2000.001329
"Sabitha D, 2016, EUR J OPER RES, V255, P758, DOI 10.1016/j.ejor.2016.05.016",10.1509/jmkr.44.3.450
10.1142/S0219622010003658,10.1142/S0219622008002855
10.3390/su16010131,10.1088/1742-6596/890/1/012163
10.1080/00207540110079121,10.1111/j.1540-5915.1998.tb01357.x
10.1108/K-04-2021-0296,10.1016/j.eswa.2011.08.158
10.3390/su14127139,10.1002/int.22299
10.1016/j.cie.2022.108162,10.1007/s10479-012-1227-x
10.1109/TEM.2020.3004885,10.1016/j.ejor.2007.04.024
10.1016/j.apm.2012.04.020,10.1016/j.ijpe.2003.08.004
10.1109/ACCESS.2020.2980142,10.1109/CTIT.2018.8649523
10.1016/j.cie.2013.03.012,10.1111/j.1937-5956.2001.tb00065.x
10.1080/17517575.2022.2037161,10.1177/1467358413517895
10.1108/IJPDLM-01-2020-0030,10.1108/09600030810926475
10.3390/su142316060,10.1287/msom.2018.0752
10.1080/13657305.2022.2147249,10.3329/jbau.v16i3.39449
10.1080/00207540903460216,10.1287/orsc.6.2.147
10.3390/su15010649,10.1109/ICE/ITMC49519.2020.9198403
10.3390/su15010649,10.1109/ICE/ITMC49519.2020.9198403
10.1108/13598541311293168,10.1080/00207540903089536
10.1016/j.ejor.2016.06.045,10.1287/mnsc.49.11.1546.20582
10.1108/IMDS-09-2015-0375,10.2307/1251912
10.1080/00207540500151564,10.1080/002075497195074
10.1108/BPMJ-12-2019-0518,10.1080/23738871.2017
10.1108/BPMJ-12-2019-0518,10.1080/23738871.2017.1400084
10.1108/BPMJ-12-2019-0518,10.1080/23738871.2017.1400084
10.1108/BPMJ-12-2019-0518,10.1080/23738871.2017.1400084
10.1080/00207540903252308,10.1016/j.ijpe.2008.01.003
10.1080/09537287.2012.666865,10.1109/17.946530
10.1108/JMTM-09-2023-0375,10.1088/1742-6596/890/1/012163
10.3390/math10132233,10.1504/IJMTM.2000.001329
10.1016/j.techfore.2021.121017,10.1002/tie.21694
10.14743/apem2022.3.435,10.1016/j.ijpe.2018.08.001
10.1108/08858621011088310,10.1111/j.1540-5915.1996.tb00842.x
10.3390/math11020303,10.1111/jbl.12074
10.1108/SCM-01-2018-0003,10.1016/S0925-5273(02)00471-1
10.4102/sajems.v22i1.2256,10.18374/IJBR-14-2.1
10.4102/sajems.v22i1.2256,10.18374/IJBR-14-2.1
10.3390/su16135579,10.1016/j.sbspro.2014.02.467
10.1155/2022/1454855,10.2460/javma.255.3.282
10.3138/infor.46.2.117,10.1016/0377-2217(95)00136-0
10.15240/tul/001/2019-3-013,10.1111/poms.12072
10.1111/itor.12859,10.1287/mnsc.1060.0654
10.1016/j.ijproman.2011.04.003,10.1080/09613210301993
10.1080/13675567.2022.2115025,10.1016/j.trd.2017.09.017
10.1155/2022/8497628,10.1109/JIOT.2021.3052910
10.1002/bse.2745,10.1016/j.jenvman.2019.04.078
10.1111/itor.13083,10.1016/j.cie.2020.106324
10.1080/00207540500095779,10.1016/S0925-5273(00)00108-0
10.1080/00207543.2014.932931,10.1002/smj.632
10.1108/BJM-09-2020-0331,10.1016/j.jbusres.2017.11.042
10.1016/j.cie.2010.06.014,10.1287/mnsc.46.8.1032.12029
"Wu JJ, 2019, EUR J OPER RES, V278, P658, DOI 10.1016/j.ejor.2019.04.039",10.1016/S1090-9516(01)00075-X
10.1016/j.cie.2007.12.017,10.1080/07408170008967452
10.1080/00207543.2015.1092615,10.1088/1742-5468/2010/07/P07022
10.1142/S0217595920500517,10.1287/mnsc.2015.2230
10.1080/00207540802425377,10.1108/13598540510624188
10.3934/jimo.2022010,10.1016/j.ijpe.2016.04.025
10.3390/su14084800,10.1016/j.sbspro.2014.04.031
10.1108/OIR-02-2024-0083,10.1007/s10479-020-03620-w
10.1155/2021/8612814,10.3390/app11125585
"NEWS        0309, P20",10.1287/MKSC.2.3.203
10.1080/00207543.2016.1173255,10.1016/j.ejor.2007.09.015
10.1080/00207543.2013.842014,10.1287/opre.41.4.777
10.2753/MIS0742-1222260410,10.2753/MIS0742-1222260402
10.1109/TEM.2016.2623327,10.1016/j.ejor.2007.09.015
10.1016/j.cie.2015.01.024,10.1016/j.ejor.2007.09.015
10.1108/K-09-2019-0625,10.1287/mnsc.1080.0893
10.1080/13675567.2022.2148638,10.1080/10429247.2020.1783935
10.1093/imaman/dpac011,10.1016/j.ijpe.2017.02.012
10.1108/JEIM-01-2023-0016,10.1016/j.jom.2008.09.006
10.3390/ijerph19073878,10.1016/j.jclepro.2018.03.085
10.1016/j.cie.2021.107744,10.1016/j.apm.2014.10.055
10.1080/09537287.2021.2013558,10.1108/IJPDLM-02-2014-0017
10.3934/jimo.2022165,10.1287/mksc.1070.0280
10.1051/ro/2022096,10.1111/j.1937-5956.2012.01426.x
10.1080/00036846.2016.1237762,10.1057/jors.2010.82
10.1080/09537287.2013.764578,10.1080/09537287.2011.591622
10.1080/0951192X.2011.646307,10.1023/B:BTTJ.0000033467.83300.c0
10.1016/j.cie.2014.08.006,10.1057/jors.2010.188
10.3389/fpsyg.2022.941952,10.1080/00207541003692021
10.1108/IJRDM-10-2022-0401,10.1108/IJRDM-05-2017-0104
10.1109/ACCESS.2021.3139829,10.1016/j.ejor.2016.11.046
10.3390/math11081922,10.1007/s10479-012-1227-x
10.1108/JBIM-11-2022-0520,10.1016/j.sbspro.2014.04.031
10.1016/j.omega.2017.08.005,10.1016/j.ejor.2007.09.015
10.1080/00207540600634949,10.1016/S0305-0548(99)00062-3
10.1051/ro/2024075,10.1287/mnsc.1080.0930
10.1016/j.tre.2021.102413,10.1287/msom.2015.0570
10.1111/j.1937-5956.2011.01286.x,10.1287/mnsc.1060.0655
10.1109/TEM.2016.2580569,10.1016/j.asoc.2005.06.001
10.1504/IJSTL.2016.077308,10.1108/IJOPM-10-2012-0402
10.1007/s00170-006-0664-6,10.1287/mnsc.34.3.391
10.3390/su16146207,10.1016/j.jbusres.2011.04.008
10.1080/00207543.2010.501550,10.1287/mnsc.1080.0930
10.1108/IJLM-05-2020-0214,10.1016/j.pursup.2006.02.003
10.1016/j.jbusres.2010.11.006,10.1287/mnsc.47.10.1326.10260
10.1080/00207540310001628911,10.1016/0925-5273(95)00121-2
10.1111/itor.13262,10.1287/mksc.1070.0280
10.1061/(ASCE)CO.1943-7862.0002427,10.1016/j.autcon.2017.08.032
10.1108/01443571111098744,10.1108/13598540510624188
10.1016/j.cie.2016.12.014,10.1016/j.ejor.2007.09.015
10.1108/K-08-2017-0291,10.1016/j.ejor.2008.02.014
10.1016/j.cor.2007.04.004,10.1287/mnsc.45.8.1091
10.1108/IJPDLM-09-2012-0287,10.1108/13598540510624188
10.1016/j.tre.2020.101915,10.1287/opre.51.2.210.12780
10.1108/SCM-01-2019-0028,10.1002/hrm.10097
10.1108/BFJ-08-2019-0607,10.1007/978-3-319-93351-1_37
10.1108/BFJ-08-2019-0607,10.1007/978-3-319-93351-1_37
10.1080/00207540902960299,10.1108/02756660710732611
10.1080/00207540600844050,10.1287/opre.41.3.549
10.1016/j.cie.2023.109196,10.1016/j.cie.2017.10.014
10.1016/j.apm.2014.04.029,10.1016/j.ejor.2007.09.015
10.1016/j.jclepro.2020.123704,10.1287/mnsc.2015.2230
10.1016/j.ijinfomgt.2010.09.004,10.1177/002188602237791
10.1108/JEIM-08-2017-0114,10.1108/09590550810883450
10.1016/j.ijpe.2017.10.008,10.1504/IJISCM.2006.011198
10.1016/j.cie.2023.108992,10.1016/j.cie.2021.107130
10.1108/IJLM-12-2017-0343,10.1111/poms.12102
10.1177/03128962221092089,10.5465/amr.2012.0044
10.1142/S0217595921500329,10.1287/mnsc.1110.1362
10.1111/itor.13314,10.1287/msom.2.4.410.12339
10.1002/bse.3779,10.1108/JBIM-03-2021-0169
10.1142/S0217595917400012,10.1016/j.asoc.2005.06.001
10.1016/j.tre.2023.103356,10.1287/mnsc.1080.0930
10.1155/2020/5635404,10.1109/WIMOB.2017.8115844
10.1109/TEM.2023.3274039,10.1108/SCM-02-2016-0044
10.1080/0740817X.2011.635179,10.1007/s00199-005-0057-3
10.1051/ro/2019066,10.1287/mnsc.1080.0930
10.1080/10580530.2021.1913679,10.2307/3150783
10.1080/00207543.2019.1685704,10.1287/mnsc.1080.0930
10.1108/JEIM-03-2020-0119,10.1016/j.ijpe.2016.08.018
10.1109/TNET.2016.2536626,10.1145/2046614.2046628
10.1051/ro/2023163,10.1287/mnsc.1080.0930
10.1080/09537287.2020.1837933,10.1080/01446199500000013
10.1108/03684921211275199,10.1080/095372898233515
10.1142/S0217595921400182,10.1109/MC.2017.3571064
10.1108/JEIM-11-2019-0368,10.1016/j.cose.2014.01.001
10.1016/j.ins.2023.119944,10.1109/JIOT.2023.3305910
10.1016/j.ins.2023.119944,10.1109/JIOT.2023.3305910
10.1016/j.aei.2019.01.008,10.1109/TSMC.2014.2313121
10.1016/j.cie.2020.106880,10.1287/mnsc.1080.0930
10.1371/journal.pone.0260653,10.1016/j.sbspro.2014.04.031
10.1108/IJPDLM-11-2011-0200,10.1016/j.ejor.2008.02.014
10.1080/07408170701745360,10.1287/msom.4.1.55.285
10.1177/10591478241256662,10.33844/mbr.2016.60193
10.1177/10591478241256662,10.33844/MBR.2016.60193
10.1109/TSMC.2024.3362432,10.1109/TSMC.2014.2313121
10.1108/13598540510578360,10.1016/S0022-4359(00)00037-3
10.1016/j.jom.2017.04.001,10.1016/j.ejor.2007.09.015
10.1016/j.ijpe.2017.06.032,10.1016/S0377-2217(02)00550-7
10.1080/00207543.2023.2206923,10.1109/ACSAC.2001.991552
10.1111/poms.12195,10.1287/mnsc.1080.0930
10.1108/09600031011062182,10.1108/09600039210022619
10.1080/13675567.2024.2333415,10.1287/mnsc.47.5.611.10482
10.1155/2021/6683728,10.1016/S0305-0548(99)00086-6
10.1002/sdr.320,10.1016/0377-2217(95)00136-0
10.3390/su11236746,10.1080/00207543.2017.1384078
10.1080/01605682.2023.2274950,10.1287/mnsc.1120.1628
10.1016/j.marpol.2016.03.013,10.1007/978-94-007-1582-0_17
10.1109/ACCESS.2020.3028031,10.1002/j.2158-1592.2004.tb00171.x
10.1108/IJOPM-11-2014-0554,10.1111/j.1559-1816.2002.tb00236.x
10.1155/2017/9785759,10.1080/00207543.2011.571921
10.1080/03088839.2021.1990428,10.1016/j.trb.2018.01.004
10.1016/j.autcon.2016.08.020,10.1016/j.aei.2015.03.001
10.1155/2022/7255653,10.1016/j.compind.2018.04.017
"AB In this paper, we extend the models in the literature [Lee, H.L., So, K.C., Tang, C., 2000. The value of information sharing in a two-level supply chain. Management Science 46 (5), 626-643; Raghunathan, S., Yell, A.B., 2001. Beyond EDI: impact of continuous replenishment program (CRP) between a manufacturer and its retailers. Information Systems Research 12 (4), 406-419] to analyze the benefits realized for manufacturers and retailers under information sharing(IS), continuous replenishment programs (CRP) or vendor managed inventory (VMI) and compare the distribution of benefits between manufacturers and retailers. Our analysis shows that IS, CRP, and VMI bring varying benefits in terms of inventory cost savings to firms, and that the benefits are not consistently distributed between retailers and manufacturers. Our findings also point to the managerial implications Oil how managers may decide the product sets and replenishment frequency for improved benefit realization under CRP and VMI. (c) 2007 Elsevier Ltd. All rights reserved.",10.1016/S0022-4359(00)00037-3
10.1108/JEIM-03-2014-0031,10.1109/ITCC.2004.1286758
10.1016/j.ijpe.2017.06.008,10.1287/mnsc.1080.0930
10.1080/0951192X.2022.2027015,10.1080/09511920802527574
10.3390/su141912848,10.3390/logistics5040084
10.1080/00207543.2019.1600758,10.1287/mnsc.1080.0930
10.1080/01605682.2017.1415644,10.1287/mnsc.1060.0612
10.3934/jimo.2023035,10.1287/mnsc.1080.0894
10.1051/ro/2021090,10.1504/IJMTM.2000.001329
10.4102/sajems.v24i1.3703,10.1108/EMJB-09-2014-0028
10.1016/j.apm.2017.09.004,10.1287/mnsc.1050.0371
10.1016/j.ijpe.2015.05.005,10.1016/j.ejor.2007.09.015
10.1371/journal.pntd.0009523,10.1108/SCM-09-2013-0349
10.1016/j.omega.2006.04.003,10.1016/S0925-5273(02)00471-1
10.3390/su15107909,10.1007/978-3-319-67122-2_7
10.1016/j.cor.2023.106190,10.1016/j.ejor.2015.06.045
10.1016/j.cie.2013.06.006,10.1016/j.eswa.2004.12.039
10.1080/00213624.2021.1908800,10.1108/14691930810845777
10.2753/MIS0742-1222230101,10.2307/1879431
10.1016/j.ijforecast.2010.08.003,10.1057/jors.2010.82
10.1016/j.cie.2015.07.007,10.1016/j.ijforecast.2010.08.003
10.35611/jkt.2023.27.1.19,10.1108/BIJ-09-2016-0142
10.1016/j.cie.2021.107718,10.1287/mnsc.2015.2230
10.1016/j.tre.2023.103254,10.1287/mnsc.1040.0201
10.1051/ro/2021038,10.1016/j.ejor.2019.08.051
10.1108/JMTM-03-2016-0033,10.1287/mnsc.1080.0930
10.3389/fsufs.2023.1113819,10.1108/JADEE-09-2017-0088
10.1108/ARLA-04-2017-0090,10.1007/978-3-662-47895-0_34
10.3390/su12208293,10.2307/1252172
10.1016/j.frl.2024.105008,10.1016/j.frl.2023.104522
10.1504/IJTM.2023.128797,10.1111/poms.12937
10.1016/j.ijpe.2004.08.006,10.1016/S0925-5273(02)00471-1
10.1108/SCM-08-2022-0312,10.1037/0033-2909.97.1.129
10.1287/mnsc.47.4.605.9833,10.1287/mnsc.46.8.1032.12029
10.1177/0266666918755427,10.1108/SCM-09-2013-0349
10.1109/TEM.2023.3312946,10.2307/1886045
10.1016/j.cie.2022.108774,10.1287/mnsc.2015.2230
10.1080/00207543.2010.497506,10.1037/0033-2909.103.3.411
10.3390/su15043084,10.1016/j.cie.2019.06.042
10.1108/IMDS-04-2019-0228,10.1016/S0378-4266(97)00036-8
10.1051/ro/2020113,10.1016/j.jclepro.2013.02.018
10.1080/14783363.2024.2347374,10.1080/09537287.2019.1700570
10.1111/exsy.13273,10.1080/10548408.2019.1592059
10.1016/j.cie.2022.108914,10.1287/mnsc.2016.2471
10.1016/j.jclepro.2023.136884,10.1287/mnsc.1080.0930
10.1016/j.ejor.2018.04.040,10.1057/jors.2010.82
10.1002/joom.1226,10.1016/j.jom.2014.11.002
10.3389/fenvs.2023.1291688,10.1108/BPMJ-03-2018-0091
10.1108/IJPDLM-03-2022-0083,10.1080/10810730.2016.1209599
10.1108/IJLM-12-2020-0493,10.1108/JMTM-01-2018-0019
10.1108/IJLM-07-2022-0286,10.1108/IJLM-10-2019-0275
10.1002/nav.22150,10.1016/j.agwat.2010.01.025
10.1108/BJM-04-2018-0156,10.1037/0033-2909.103.3.411
10.1016/j.omega.2007.10.001,10.1287/mnsc.45.7.936
10.3390/su142013086,10.1016/j.ejor.2012.11.044
10.1080/10864415.2022.2158597,10.1287/mnsc.1080.0930
10.1080/09537287.2023.2270473,10.1016/j.jbusres.2016.04.131
10.1080/00207543.2021.2011465,10.1111/0022-1082.00307
10.1016/j.jclepro.2022.133210,10.1016/j.cor.2020.105052
10.3390/su141912858,10.1016/j.ijpe.2021.108322
10.1108/IMDS-06-2019-0346,10.2307/4134367
10.1155/2018/1092716,10.1002/j.2158-1592.2004.tb00171.x
10.1016/j.accre.2020.06.006,10.1109/TASE.2012.2203304
10.1155/2023/1148798,10.1016/j.cie.2022.108439
10.1111/itor.13081,10.1016/j.jacceco.2013.01.002
10.1155/2021/5219420,10.1016/j.archger.2018.11.014
10.1002/nav.22216,10.1287/mnsc.2015.2230
10.1016/j.omega.2020.102210,10.1016/j.ijpe.2017.05.007
"when non-optimal forecasting methods are employed by supply chains. We show that in the case of a simple moving average forecast, the demand at the downstream link can be inferred. In the case of single exponential smoothing (SES), downstream demand cannot be inferred and thus needs to be shared. Finally, we quantify the value of sharing demand information when SES is employed.",10.1057/jors.2010.82
10.1108/09574090910954882,10.1080/13675560110084139
10.1108/09574090910954882,10.1080/13675560110084139
10.1061/JCEMD4.COENG-13547,10.1080/09537287.2015.1045953
10.1109/TII.2011.2158835,10.1016/j.cor.2006.01.016
10.1002/int.22299,10.1007/978-981-13-0080-6_10
10.1016/j.tre.2022.103012,10.1287/opre.1100.0863
10.1080/00207543.2024.2379563,10.1108/JADEE-07-2019-0095
10.1108/JMTM-12-2018-0459,10.1037/0033-2909.103.3.411
10.1080/00036846.2022.2040727,10.1287/mnsc.2014.1897
10.1002/cpe.7522,10.1016/j.jisa.2019.05.007
10.1016/j.jcorpfin.2016.12.004,10.1016/S0925-5273(02)00471-1
10.1016/j.chaos.2022.111938,10.1111/itor.12630
10.3390/su9081487,10.1016/S0361-3682(98)00059-2
10.1016/j.omega.2004.08.002,10.1016/S0019-8501(00)00142-5
10.1016/j.ijpe.2009.11.015,10.1287/MKSC.2.3.239
10.1016/j.compag.2020.105478,10.1007/s12553-014-0081-z
10.1108/09600031211281448,10.1109/PICMET.2007.4349573
10.1109/TSMC.2019.2930714,10.1080/00207540210159617
10.1109/TEM.2023.3314733,10.1016/j.ijpe.2022.108458
10.4018/jgim.2013100103,10.1037/0033-2909.103.3.411
10.1080/09537287.2024.2331742,10.1080/00207543.2022.2098873
"to the supplier. To ensure abundant supply, the retailer has an incentive to inflate her soft-orders, which potentially harms the credible information sharing and sustainability of business cooperation. Normally, the degree to which the supplier relies on the retailer's order information is specified by trust, which is evaluated according to the retailer's reputation and supplier's intuition in this study. Based on standard game theory, we find that both the retailer's order and the quantity of supplier prepared materials are independent of the retailer's forecast. Therefore, EDI based information sharing in e-commerce without a regulation mechanism leads to inefficient demand information sharing. Since both the supplier and retailer are proved to faces huge of potential profit losses due to the failure of information sharing, the commerce by EDI based information sharing is full of risk and unsustainable. Therefore, a regulation mechanism that leaded by the retailer is proposed to establish 'win-win' sustainable cooperation. Numerical experiments highlight the value of trust, the impact of reputation and intuition in decisions, and the effectiveness of the regulation mechanism by a cost-sharing contract.",10.1016/j.elerap.2014.07.001
10.1057/jors.2010.82,10.1080/07408170304368
10.1057/jors.2010.82,10.1080/07408170390175440
10.3934/jimo.2021207,10.1504/IJECRM.2011.044693
10.1016/j.ijpe.2011.12.024,10.1016/j.ijpe.2007.05.007
10.1109/ACCESS.2020.2995851,10.1108/JEIM-07-2018-0169
10.14743/apem2022.1.417,10.2337/dc15-S001
10.1016/j.ejor.2014.09.006,10.1016/j.ejor.2007.09.015
10.1111/risa.12796,10.1016/j.jclepro.2014.02.065
10.1016/j.jclepro.2015.05.119,10.5465/256240
10.1007/s11356-022-22147-0,10.1007/s11356-021-17851-2
10.1016/j.ejor.2005.02.053,10.1504/IJMTM.2000.001329
10.1016/j.jretconser.2023.103307,10.1016/j.energy.2021.120278
10.17559/TV-20200108205821,10.1109/TSMC.2017.2786867
10.1016/j.ejor.2006.05.046,10.1287/mnsc.47.5.693.10484
10.1108/JEIM-03-2017-0038,10.1016/S0377-2217(02)00550-7
10.1080/10293523.2022.2115603,10.1016/S0304-405X(02)00227-1
"AB The need for continual value innovation is driving supply chains to evolve from a pure transactional focus to leveraging interorganizational partner ships for sharing information and, ultimately, market knowledge creation. Supply chain partners are (1) engaging in interlinked processes that enable rich (broad-ranging, high quality, and privileged) information sharing, and (2) building information technology infrastructures that allow them to process information obtained from their partners to create new knowledge. This study uncovers and examines the variety of supply chain partnership configurations that exist based on differences in capability platforms, reflecting varying processes and information systems. We use the absorptive capacity lens to build a conceptual framework that links these configurations with partner-enabled market knowledge creation. Absorptive capacity refers to the set of organizational routines and processes by which organizations acquire, assimilate, transform, and exploit knowledge to produce dynamic organizational capabilities.",10.2307/3250961
10.1111/deci.12340,10.1108/13598540510624188
10.1155/2016/4793851,10.1016/j.obhdp.2007.01.001
10.1080/00207543.2012.751511,10.1016/S0022-4359(00)00037-3
10.1016/j.jbusres.2016.08.004,10.1002/smj.4250140105
10.3390/su15086634,10.1016/j.pmcj.2020.101227
"R, 1993, MANAGE SCI, V39, P944, DOI 10.1287/mnsc.39.8.944",10.1287/mnsc.39.8.944
10.1016/j.cie.2022.108377,10.1016/j.ijinfomgt.2019.01.020
10.1080/00207540500151507,10.1080/002075497195074
10.1051/ro/2023186,10.1016/j.cie.2016.09.023
10.1109/TSMCC.2006.887014,10.1109/WSC.2000.899737
10.1108/JBIM-06-2022-0278,10.1287/mnsc.2015.2230
10.1016/j.advengsoft.2022.103194,10.1002/int.22299
10.1108/SCM-12-2013-0460,10.1108/13598540510624188
10.1007/s00170-003-1792-x,10.1080/07408170008967452
10.1111/jscm.12117,10.1111/jbl.12074
10.1016/j.ejor.2018.12.023,10.1287/opre.1100.0863
10.1108/IJLM-09-2021-0460,10.1111/poms.13813
10.3390/su15053929,10.1080/19397038.2010.533793
10.1108/IJOPM-04-2016-0173,10.5465/AMR.2011.59330882
"R, 1999, QUANTITATIVE MODELS, P199",10.1287/mnsc.43.12.1609
10.3934/jimo.2022233,10.1287/mnsc.2015.2230
10.1287/mnsc.49.10.1387.17309,10.1287/msom.3.4.349.9973
10.1108/IJOPM-07-2015-0441,10.1002/arco.5207
10.1080/00207543.2012.754551,10.1016/j.ejor.2007.09.015
10.1016/j.jom.2007.03.001,10.1111/j.1540-5915.1996.tb00842.x
10.3390/app132312694,10.1061/(ASCE)ME.1943-5479.0000390
10.1142/S0217595917400188,10.1509/jmkg.68.1.147.24027
10.1016/j.jclepro.2019.118225,10.1016/j.cosrev.2017.03.001
10.1016/j.dss.2005.05.021,10.1016/S0022-4359(00)00037-3
10.1007/s10288-006-0032-2,10.1016/j.ejor.2006.01.023
10.1016/j.heliyon.2024.e24981,10.1080/09537325.2022.2163384
10.1016/j.cie.2014.04.008,10.1016/j.ijpe.2011.11.007
10.1016/j.omega.2024.103065,10.1016/j.pursup.2016.05.001
10.1080/0020754031000103293,10.1080/002075400189257
10.1016/j.cie.2020.106346,10.1287/mksc.1070.0280
10.1080/00207543.2020.1791999,10.1016/J.PURSUP.2005.10.008
10.1080/00207543.2020.1791999,10.1016/j.pursup.2005.10.008
10.1016/j.indmarman.2012.06.013,10.1287/msom.2.4.410.12339
10.1016/j.tre.2024.103632,10.1287/mnsc.2015.2230
10.1080/0951192X.2010.531288,10.1109/WSC.2000.899737
"Choi S, 2013, EUR J OPER RES, V225, P166, DOI 10.1016/j.ejor.2012.07.016",10.1509/jmkg.72.6.019
10.1111/emre.12566,10.1111/jbl.12074
10.1108/09600031111166438,10.1109/PICMET.2007.4349573
10.1007/s10115-016-0954-8,10.1016/j.ejor.2007.09.015
10.1287/mksc.1070.0316,10.1016/0022-0531(74)90110-0
10.1109/TEM.2017.2723042,10.1177/0972150913501606
10.1108/09600031111185248,10.1109/PICMET.2007.4349573
10.1108/IMDS-11-2016-0489,10.1016/j.foodcont.2013.11.007
10.17559/TV-20201116085005,10.1016/j.ijinfomgt.2020.102228
10.1080/13675567.2013.767324,10.1016/0377-2217(94)00309-2
10.1108/IJLM-12-2016-0301,10.2307/1252172
10.1038/s41598-021-99542-z,10.1016/j.cie.2020.106380
10.1080/17517575.2024.2346743,10.1016/j.autcon.2022.104201
10.1155/2021/6095221,10.1016/j.ijdrr.2020.101838
10.1016/j.cie.2007.07.014,10.1080/07408170304368
10.1016/j.cie.2007.07.014,10.1080/07408170390175440
10.1080/00207543.2016.1171418,10.1016/j.ejor.2007.09.015
10.1108/JBIM-07-2017-0163,10.1016/j.ejor.2016.11.046
10.1016/j.jclepro.2011.09.026,10.1037/0033-2909.103.3.411
10.1109/TSMCC.2009.2031092,10.1016/j.jmoneco.2005.10.004
10.1111/agec.12389,10.1111/agec.12301
10.1142/S021759591740005X,10.2478/fcds-2013-0011
10.1287/mnsc.2014.2132,10.1287/OPRE.46.3.S35
10.1016/j.orl.2016.04.002,10.1504/IJMTM.2000.001329
10.1016/j.tre.2023.103396,10.1016/j.ijpe.2022.108458
10.3390/su12052119,10.1016/j.orl.2013.04.013
10.1111/poms.12261,10.1287/mnsc.1070.0716
10.3390/pr9101746,10.1111/j.1600-0447.1999.tb10694.x
10.1177/0266666915608425,10.1080/07421222.2005.11045852
10.1080/00207540903349039,10.1037/0033-2909.103.3.411
10.1016/j.tre.2017.07.015,10.1504/IJMTM.2000.001329
10.1061/(ASCE)ME.1943-5479.0001047,10.1108/CI-09-2017-0079
10.1016/j.jik.2021.01.002,10.1080/09640568.2016.1178105
10.1108/JEIM-09-2021-0383,10.1080/13675567.2021.1893288
10.3390/systems12010032,10.1016/j.apm.2009.08.021
10.1155/2023/8870224,10.1108/CI-09-2017-0079
10.1155/2021/1901800,10.1016/j.jnca.2017.01.034
10.1080/00207543.2012.754552,10.1016/j.ejor.2007.09.015
10.3390/electronics11193170,10.3390/electronics9050852
10.1080/00207543.2022.2063086,10.1007/s10994-021-06126-z
10.1108/JBIM-01-2020-0047,10.1108/JEIM-07-2018-0169
10.1080/00207543.2013.869630,10.2307/2088718
10.1155/2021/8817003,10.1016/j.jbusres.2003.08.004
10.1016/j.dss.2010.01.004,10.1287/opre.38.1.22
10.1080/13675567.2020.1787970,10.1080/17517575.2019.1633690
10.1057/jors.2010.188,10.1002/sres.643
10.1016/j.ijpe.2007.05.021,10.1287/mnsc.43.12.1609
10.3390/su14063515,10.1108/14720700510630013
"R, 1993, MANAGE SCI, V39, P944, DOI 10.1287/mnsc.39.8.944",10.2307/2584331
10.1016/j.ijpe.2010.07.028,10.1016/j.ijpe.2008.05.011
10.1080/09537287.2019.1631466,10.1108/17410401011089445
10.1080/00207721.2013.769072,10.1016/j.ijpe.2011.11.007
10.1016/S0925-5273(02)00471-1,10.1287/MKSC.2.3.239
10.3390/systems12040127,10.1287/mnsc.2015.2230
10.1080/00207540410001704050,10.1287/inte.25.1.69
10.1002/sd.1856,10.1080/10429247.2006.11431694
10.3390/su14159235,10.1080/13675567.2018.1551483
10.1108/SCM-04-2022-0169,10.1108/BIJ-08-2018-0232
10.1016/j.ijpe.2013.07.004,10.1287/mnsc.45.6.843
10.1080/09537287.2021.1992528,10.1108/BFJ-08-2015-0274
10.1016/j.indmarman.2011.11.014,10.1287/orsc.10.1.43
10.1016/j.tre.2012.08.004,10.1016/j.ijpe.2011.11.007
10.1109/ACCESS.2017.2665778,10.1080/00207540500168295
10.1108/13598540910995237,10.1287/mnsc.43.12.1609
10.1080/10517120903574649,10.2307/1252310
10.1080/13561820.2023.2202187,10.1016/j.jfoodeng.2006.11.002
on,10.1037/0033-2909.103.3.411
10.1007/s11356-022-22498-8,10.1108/13598540810850337
10.1007/s11356-023-29351-6,10.1016/j.techfore.2020.120557
10.1108/IMDS-03-2018-0124,10.1287/mnsc.1080.0930
10.2753/JEC1086-4415170205,10.1287/mnsc.47.10.1326.10260
10.1016/j.omega.2022.102616,10.1002/int.22299
10.1111/j.1467-6486.2007.00741.x,10.5465/AME.2003.11851845
10.1287/mnsc.46.8.1032.12029,10.1287/mnsc.43.12.1609
10.1016/j.ijpe.2014.07.031,10.1016/j.asoc.2005.06.001
10.1108/01443570810846892,10.2307/41166671
10.1016/j.cie.2018.04.039,10.1287/mnsc.1080.0930
10.3390/su10082681,10.2307/3172490
10.1016/j.omega.2004.11.005,10.1080/07408170304368
10.1016/j.omega.2004.11.005,10.1080/07408170390175440
10.1111/itor.13374,10.1016/j.jretconser.2021.102507
10.1016/j.cie.2023.109195,10.1016/j.cie.2017.06.026
TELEGRAPH,10.1108/IJLM-01-2020-0019
10.1108/SCM-05-2020-0198,10.1016/j.indmarman.2005.12.004
10.1002/bse.3207,10.1108/JPBM-04-2020-2839
10.1057/mel.2014.26,10.1037/0033-2909.103.3.411
10.1016/j.energy.2019.06.007,10.1016/j.future.2018.08.035
10.1111/itor.12175,10.1016/j.ijpe.2011.11.007
10.3390/su15064748,10.1002/nav.20086
10.1080/00207543.2017.1378958,10.1016/0749-5978(91)90020-T
10.1111/itor.12744,10.1287/mnsc.1080.0894
10.1108/JMTM-11-2016-0154,10.1504/IJSCOR.2014.065459
10.1080/09537287.2010.489273,10.1016/j.ejor.2007.09.015
10.1016/j.jclepro.2022.130557,10.1016/j.jclepro.2019.03.211
10.1007/s11424-021-0031-6,10.1111/poms.12355
10.1002/nav.21977,10.1504/IJMTM.2000.001329
10.1108/IJLM-12-2020-0486,10.3923/pjbs.2005.287.292
10.1080/00207543.2022.2027037,10.1287/mnsc.2015.2230
10.2507/IJSIMM21-2-CO10,10.1007/978-981-33-4256-9_36
10.1016/j.cie.2013.10.012,10.1007/978-3-642-03722-1_1
10.1016/j.tre.2024.103508,10.1287/mnsc.2015.2230
10.1108/SCM-08-2019-0304,10.1111/jbl.12074
10.1177/10591478241259408,10.1287/mnsc.1080.0930
10.1108/IMDS-10-2018-0453,10.5539/IBR.V7N3P13
10.1177/10591478231224934,10.1287/mnsc.2015.2230
10.1108/APJML-10-2018-0423,10.1509/jmkg.72.3.94
10.3389/fpsyg.2022.976218,10.1007/978-3-319-44591-5_28
10.1016/j.ocecoaman.2022.106405,10.1080/00207543.2019.1651946
10.1080/00207543.2016.1245452,10.1080/00207540902960299
10.1080/09537287.2024.2364814,10.1016/j.ijinfomgt.2020.102199
10.1108/K-01-2024-0128,10.1016/j.jclepro.2016.09.007
10.3390/su131910573,10.59160/ijscm.v4i3.1073
10.3390/su131910573,10.59160/IJSCM.V4I3.1073
10.1016/j.compchemeng.2014.06.002,10.1021/ie302788g
10.1080/13675567.2024.2311204,10.1108/13598549910294993
10.3390/su15010416,10.1016/S0361-3682(98)00034-8
10.1080/026839699344476,10.1080/10919399609540264
10.1080/026839699344476,10.1080/10919399609540264
10.1080/13675567.2012.710599,10.1109/PICMET.2007.4349573
10.1111/itor.13438,10.1287/mksc.1070.0280
10.1016/j.jclepro.2016.03.059,10.1017/CBO9780511535963.007
10.1016/j.jclepro.2016.03.059,10.1017/CBO9780511535963.007
10.1155/2021/3511472,10.1080/13675567.2019.1604646
10.1080/00207543.2018.1535204,10.1111/jbl.12074
"Schmitt AJ, 2015, OMEGA-INT J MANAGE S, V52, P201, DOI 10.1016/j.omega.2014.06.002",10.1257/aer.101.2.695
10.3141/1790-02,10.1287/opre.41.1.37
10.3390/su13168734,10.1007/s13243-018-0045-y
10.1016/j.jclepro.2020.125612,10.1080/10429247.2020.1783935
10.1080/00207543.2023.2236241,10.3390/electronics9050852
10.1108/IMDS-12-2021-0784,10.17576/geo-2020-1604-06
10.3390/su13042152,10.1108/BPMJ-03-2018-0091
10.1371/journal.pone.0271693,10.5937/JAES16-17696
10.1371/journal.pone.0271693,10.5937/JAES16-17696
10.1080/09537287.2020.1712487,10.1080/09537287.2017.1375150
10.1080/00207543.2022.2059719,10.1016/j.asoc.2016.06.005
10.1016/j.dss.2009.08.001,10.1016/S0969-7012(02)00032-1
10.1016/j.dss.2009.08.001,10.1016/S0969-7012(02)00032-1
10.1080/07421222.2004.11045816,10.1287/orsc.10.1.43
10.3390/su122410515,10.1108/MRR-06-2015-0147
10.1155/2014/624839,10.1201/1078/44912.22.1.20051201/85739.7
10.1016/j.jbusres.2019.01.070,10.1007/s10796-018-9892-1
10.3390/su141911815,10.1108/IJLM-04-2017-0093
10.1080/03155986.2023.2176685,10.1287/mksc.19.3.279.11799
10.3390/su152416642,10.1016/j.jclepro.2019.03.211
10.3390/su152416642,10.1108/AEAT-03-2020-0051
10.1080/09537287.2022.2058997,10.1016/j.trd.2016.04.004
10.1016/j.jclepro.2020.124359,10.1080/09537287.2019.1695006
10.1016/j.cie.2022.108846,10.1287/msom.3.4.349.9973
10.1016/j.amc.2006.12.019,10.1287/opre.41.4.777
10.1108/JBIM-04-2023-0204,10.1007/s10479-020-03739-w
"LAMBERT DM, 2006, SUPPLY CHAIN MANAG, P167",10.2307/1252172
10.3390/app14135805,10.6028/NIST.CSWP.29
10.3390/app14135805,10.6028/NIST.CSWP.29
10.1016/j.tre.2020.102222,10.1016/j.pursup.2018.07.005
10.1016/j.indmarman.2023.07.005,10.1109/PIC.2018.8706282
10.1080/00207543.2020.1746851,10.1287/mnsc.2015.2230
10.1111/itor.13448,10.1287/mnsc.2015.2230
10.1080/00207543.2021.1936263,10.1108/SCM-11-2013-0419
10.1080/00207543.2015.1005763,10.1016/j.cor.2006.01.016
10.1111/poms.13460,10.1287/mnsc.2015.2230
10.1057/palgrave.jors.2601162,10.1108/09574099710805574
10.1051/ro/2016062,10.1016/j.ijpe.2012.04.018
10.1016/j.omega.2022.102723,10.1287/mnsc.1090.1099
10.1504/IJSTL.2016.078686,10.1016/s0927-0507(03)11006-7
10.1111/j.1540-5915.2008.00212.x,10.1287/isre.11.4.418.11876
10.1108/IMDS-09-2015-0403,10.2307/1251912
10.1108/SCM-06-2014-0188,10.1111/j.1540-5915.1996.tb00842.x
10.1108/09574091111127534,10.1016/j.jretai.2008.11.002
10.3390/app131910788,10.1007/s12351-020-00606-1
10.35530/IT.071.06.1748,10.1108/EB039060
10.1108/BPMJ-01-2023-0029,10.1109/ACCESS.2021.3076045
10.3390/su15065185,10.1016/j.cie.2016.09.023
10.1016/j.cie.2021.107130,10.1007/978-3-030-57993-7_30
10.1080/00207543.2021.1928319,10.1037/h0040968
10.1016/j.apm.2017.04.031,10.1111/poms.12238
10.1108/01443570610637003,10.1016/S0377-2217(03)00164-43
10.1504/EJIE.2015.071773,10.1504/IJMTM.2000.001329
10.1016/j.indmarman.2005.05.014,10.1287/orsc.6.2.147
10.1504/IJSTL.2022.120675,10.1016/j.promfg.2017.07.192
10.1016/j.resourpol.2023.103366,10.1016/j.ijpe.2022.108458
10.1108/09600031011072000,10.1016/s0969-7012(00)00012-5
10.1108/09600031011072000,10.1016/S0969-7012(00)00012-5
10.3390/math10081233,10.1016/j.jclepro.2019.119586
10.1109/TEM.2005.856570,10.2307/1252172
10.1080/13675567.2024.2308152,10.1016/j.jclepro.2020.122324
10.1016/j.frl.2022.103150,10.1017/S002210901400012X
10.1108/09600031111154116,10.2307/2392533
10.1080/09537280412331309235,10.1287/mnsc.43.7.976
10.1016/j.cie.2022.107995,10.1016/j.cie.2021.107130
10.1002/bse.3121,10.1016/j.ijpe.2011.04.007
10.1007/s11356-022-24844-2,10.3390/su132413667
10.1111/j.1540-5915.2005.00065.x,10.1287/mnsc.43.12.1609
10.1108/IJPDLM-04-2019-0119,10.1016/j.ejor.2015.01.028
10.1080/00207540600767764,10.1504/IJMTM.2000.001329
10.1016/j.indmarman.2007.08.004,10.2307/3172490
10.1287/mnsc.2017.2805,10.1287/mnsc.1070.0711
10.1016/j.ijpe.2010.10.021,10.1016/j.ejor.2007.09.015
10.1002/nav.22100,10.1287/mksc.1070.0280
10.1016/j.tre.2021.102276,10.1016/j.tre.2020.101867
10.1016/j.tre.2023.103020,10.1111/poms.12503
10.1080/00207543.2017.1377357,10.1016/S0022-4359(96)90006-8
10.1108/BFJ-01-2012-0001,10.1108/01443570810861561
10.1080/00207543.2016.1159744,10.2307/3152193
10.1109/TEM.2020.3047499,10.1016/0167-8116(94)00020-O
10.1155/2021/5166993,10.1109/ACCESS.2021.3079243
10.1016/j.tre.2022.102873,10.3982/ECTA14673
10.1108/IJLM-06-2019-0157,10.1016/j.jclepro.2019.04.322
10.1002/nav.22184,10.1287/mnsc.2015.2230
10.3390/su141912116,10.1108/CRR-05-2020-0017
10.3390/su141912116,10.1108/CRR-05-2020-0017
10.3390/su15108244,10.1016/j.heliyon.2022.e11283
10.1111/itor.12977,10.1287/mnsc.2015.2230
10.1016/j.tre.2020.102019,10.1016/S0377-2217(02)00548-9
10.1155/2021/5595979,10.1007/s10489-018-1190-6
10.1287/mnsc.2023.4851,10.1287/mnsc.1080.0930
10.3389/fenrg.2022.899632,10.1109/MITP.2021.3094194
10.1002/bse.3112,10.3390/su13020816
10.1108/BFJ-01-2016-0011,10.1016/j.tifs.2012.08.007
"MAY, P13",10.1177/009207039502300415
"MAY, P13",10.1177/009207039502300415
"CHEM SOC, V22, P255, DOI 10.1016/j.jscs.2017.08.003",10.1016/j.jscs.2017.08.003
10.1007/s11356-023-30519-3,10.1016/j.tmp.2020.100782
10.1016/j.jclepro.2018.07.097,10.1108/EBR-03-2016-0045
10.1080/09537280802573965,10.1287/mnsc.46.8.1032.12029
10.1287/mksc.2022.1397,10.1287/mnsc.2015.2230
"Sch Publ Policy & Management, Seoul, South Korea.",10.2307/1252172
10.1108/BFJ-08-2015-0274,10.1016/j.ejor.2008.02.014
10.1108/ECAM-12-2019-0676,10.1108/09699980710829049
10.1016/j.compag.2024.108766,10.1002/fft2.93
10.1016/j.jmsy.2014.10.001,10.1016/S0925-5273(98)00079-6
10.1002/smj.926,10.1002/arco.5207
10.1016/j.jom.2016.07.006,10.1057/jibs.2012.11
10.1080/09537287.2012.666843,10.1037/0033-2909.103.3.411
10.1080/10919392.2018.1517480,10.1080/13675560110084139
10.1080/10919392.2018.1517480,10.1080/13675560110084139
10.1016/j.ijpe.2017.06.005,10.1111/j.1937-5956.2001.tb00065.x
10.3390/su13147870,10.1016/j.cie.2021.107130
10.1108/01445150910945589,10.1016/j.asoc.2005.06.001
10.1108/SCM-08-2018-0293,10.1016/S0272-6963(00)00029-2
10.1080/00207543.2021.1999521,10.3390/su12072670
10.1016/j.jbusres.2023.114324,10.1287/mnsc.2015.2230
10.4025/actascitechnol.v39i2.29648,10.1016/j.ejor.2007.09.015
10.1142/S0219622023500451,10.1002/int.22299
10.1108/K-02-2024-0356,10.1108/JSTPM-01-2021-0001
10.3390/su13094608,10.1016/j.jclepro.2019.119586
10.1111/itor.13367,10.1016/j.jclepro.2020.124044
10.1108/IJLM-02-2020-0098,10.1016/j.jom.2010.12.008
10.1016/j.ins.2022.10.094,10.1287/mnsc.2015.2230
10.1111/poms.13607,10.1287/mnsc.2015.2230
10.3390/su15032155,10.1061/(ASCE)CO.1943-7862.0001868
10.1287/mnsc.1110.1334,10.1109/TAC.1974.1100705
10.1016/j.tre.2021.102512,10.1287/mnsc.2015.2230
USAGE;,10.2308/accr.2002.77.4.703
10.3390/su15108382,10.1111/poms.12943
10.3390/su12072883,10.1016/j.indmarman.2005.12.004
10.1016/j.cie.2024.109991,10.1287/mnsc.2015.2230
has focused on the transaction efficiency of EDI. We analyze the impact of information sharing and continuous replenishment in the CRP context and study the factors that affect the value of CRP. The study quantifies the value derived from CRP and the optimal number of retailers a manufacturer should partner with.,10.1287/mnsc.43.12.1609
10.1016/j.cie.2021.107133,10.1016/j.acra.2019.06.025
10.1016/j.resourpol.2016.12.008,10.1016/j.procir.2013.05.014
10.1108/IJLM-09-2019-0256,10.1287/mnsc.2016.2471
10.1002/nav.10065,10.1287/mnsc.47.10.1326.10260
10.1108/SCM-12-2019-0456,10.1108/01443571011087369
10.1080/00207543.2019.1567952,10.1080/00207543.2017.1384078
10.1016/j.ijpe.2010.07.002,10.1016/j.ejor.2007.09.015
10.3390/su122410397,10.1016/j.sbspro.2014.04.031
10.1108/SAMPJ-03-2019-0104,10.1016/j.jclepro.2013.02.018
10.1080/00207543.2011.588624,10.1080/00207540902810569
10.1155/2022/7149531,10.1287/mnsc.2015.2230
10.1080/00207540500232240,10.1080/01969720050045994
10.1287/mnsc.2014.1905,10.1162/003355300554881
10.1109/TII.2005.864217,10.1243/095440504323055551
10.1016/j.cie.2021.107669,10.3390/electronics9050852
10.1016/j.jclepro.2022.130609,10.1016/j.wasman.2020.04.057
10.3390/foods8060225,10.1016/j.foodcont.2016.10.058
10.3390/foods8060225,10.1016/j.foodcont.2015.06.021
10.1016/j.tre.2022.102907,10.1287/mnsc.2014.2099
10.1016/j.jom.2007.01.008,10.1142/S0129167X98000026
10.7717/peerj-cs.2072,10.3390/electronics9050852
10.1108/09574091011089835,10.2307/3203337
10.1002/sys.21652,10.1057/mel.2009.7
10.1108/JEIM-03-2022-0095,10.1108/BIJ-07-2020-0371
10.3390/su11020538,10.1080/09537287.2016.1147098
10.1287/mnsc.1120.1627,10.1108/13598540510624188
10.1371/journal.pone.0286886,10.1016/j.ejor.2008.02.014
10.2753/MIS0742-1222260405,10.1287/MKSC.2.3.239
"Lessard-Hebert M., 1995, La recherche qualitative : fondements et pratiques, V2e",10.1016/s0969-7012(00)00012-5
"Lessard-Hebert M., 1995, La recherche qualitative : fondements et pratiques, V2e",10.1016/S0969-7012(00)00012-5
10.1108/APJML-06-2019-0363,10.1108/IJLM-04-2017-0093
10.1080/00207543.2020.1756510,10.2307/3150783
10.1016/j.cie.2022.108038,10.1016/j.cie.2021.107130
10.1111/itor.12874,10.1007/s00521-017-3304-1
10.1016/j.jbusres.2006.10.027,10.1287/mnsc.49.1.1.12749
10.1016/j.ijpe.2008.07.025,10.1002/j.2158-1592.2004.tb00171.x
10.1287/mnsc.2018.3200,10.1108/13598540510624188
10.1108/IJPDLM-04-2017-0158,10.1016/j.indmarman.2015.01.008
10.3390/su12218866,10.1080/03088839.2014.932926
10.1016/j.ejor.2013.04.055,10.1111/j.1468-2354.2006.00372.x
10.1016/j.omega.2021.102556,10.1287/mnsc.2015.2230
10.1108/IJLM-07-2021-0375,10.31387/oscm0430278
"allows the upstream actor to infer the demand received by the downstream actor without the need of information sharing. Recent research showed that DDI is possible with Simple Moving Average (SMA) forecast method, and was verified for an autoregressive [AR(1)] demand process, a moving average [MAW] demand process, and an autoregressive moving average [ARMA(1, 1)] demand process. In this paper, we extend the strategy's results by considering causal invertible [ARMA(p, q)] demand processes. We develop Mean Squared Error and Average Inventory level expressions for [ARMA(p, q)] demand under DDI strategy, No Information Sharing (NIS) and Forecast Information Sharing (FIS) strategies. We compute the Bullwhip effect generated by employing SMA method and we simulate the resulted improvement compared to employing MMSE method. We analyze the sensibility of the three performance metrics in respect with lead-time value, SMA and ARMA(p, q) parameters. We compare DDI results with NIS and FIS strategies' results and we show experimentally that DDI generally outperforms NIS. Finally, we provide a revenue sharing contract as a practical recommendation to incite supply chain managers to adopt DDI strategy. (C) 2018 Elsevier B.V. All rights reserved.",10.1057/jors.2010.82
10.1108/IJPDLM-09-2016-0284,10.1016/0167-8116(94)00020-O
10.1108/13598541211246567,10.1108/01443579910260883
10.1080/13675567.2022.2141699,10.1057/ejis.2009.49
10.1108/01443571211208641,10.2307/3172490
10.1111/j.1937-5956.2009.01013.x,10.1287/msom.4.1.55.285
10.1108/BPMJ-11-2020-0502,10.1016/0167-2681(88)90036-4
10.1016/j.jik.2022.100256,10.5539/ijbm.v8n14p36
10.1016/j.jik.2022.100256,10.5539/IJBM.V8N14P36
10.3390/f12081086,10.1007/s40725-019-00093-4
10.1016/j.eswa.2010.10.082,10.1287/mksc.6.2.101
10.1016/j.jclepro.2020.120640,10.1007/s00170-015-6796-9
10.1007/s11625-019-00728-2,10.1016/j.rser.2019.03.002
10.3390/su13042168,10.17265/1537-1506/2016.02.003
10.3390/su13042168,10.17265/1537-1506/2016.02.003
10.3390/su14106359,10.1016/j.jclepro.2013.02.018
10.5367/oa.2011.0025,10.1080/09537280701773955
10.1016/j.cie.2020.106460,10.2139/ssrn.1979557.
10.1016/j.cie.2020.106460,10.2139/SSRN.1979557
10.1080/00207543.2022.2093681,10.18267/j.pep.480
10.1080/00207543.2019.1660821,10.1111/ijmr.12068
10.3390/buildings13112763,10.1016/j.resconrec.2018.06.005
10.1515/pomr-2017-0102,10.1016/j.renene.2016.10.035
10.3390/su142315511,10.2307/1241829
10.1080/00207543.2011.564669,10.1111/j.1937-5956.2001.tb00065.x
10.1080/24725854.2023.2217248,10.1109/WSC48552.2020.9384048
10.1080/1540496X.2019.1675631,10.1016/j.jebo.2016.12.008
10.1108/BPMJ-08-2019-0314,10.1080/09537280701773955
10.1051/ro/2022122,10.1108/01409170910927587
10.1080/14740338.2017.1313227,10.1145/2382438.2382441
10.1177/1096348020936358,10.1016/j.geb.2006.09.005
10.1016/j.biombioe.2015.06.013,10.1016/j.jclepro.2014.08.005
10.3390/su10051547,10.21102/WJM.2015.09.62.16
10.1109/TEM.2022.3182479,10.1016/j.techfore.2017.04.023
10.1002/nav.22165,10.1016/j.pursup.2016.05.001
10.1108/IMDS-06-2023-0419,10.1016/j.ijpe.2020.107612
10.1016/j.jom.2014.12.003,10.1287/isre.1100.0327
10.1080/17517575.2014.986217,10.1109/TIFS.2013.2296874
10.1002/csr.1808,10.1080/00207543.2017.1366083
10.1108/SCM-08-2015-0336,10.1002/arco.5207
10.1109/ACCESS.2022.3194319,10.3390/electronics9050852
10.3390/su15086905,10.1016/j.cie.2023.108997
10.1016/j.cie.2023.109833,10.1016/j.ijpe.2011.11.007
10.3390/su15065352,10.1016/j.resconrec.2017.04.007
10.1108/SCM-03-2021-0129,10.5296/AJFA.V6I2.6108
10.1080/09537287.2020.1796133,10.1016/j.jclepro.2014.08.005
"Dillman DA., 2001, Online Social Sciences, V7, P53, DOI DOI 10.1146/ANNUREV.SO.17.080191.001301",10.1111/jbl.12074
10.1108/BFJ-07-2023-0591,10.1007/s11192-020-03820-y
10.1016/j.jclepro.2020.122932,10.1108/09596110410537423
10.1080/00207543.2014.991456,10.1111/j.1937-5956.2006.tb00244.x
10.3390/pr10122687,10.1016/j.proeng.2015.12.389
10.1016/j.ejor.2008.06.001,10.1287/mnsc.33.6.756
10.3390/s20133760,10.1016/j.future.2018.04.051
10.1016/j.jom.2012.08.001,10.1111/j.1937-5956.2004.tb00224.x
10.1109/ACCESS.2021.3087415,10.1287/msom.2.4.410.12339
10.1016/j.omega.2018.11.007,10.1016/j.pursup.2014.05.003
10.1016/j.techfore.2023.122978,10.1080/09537287.2017.1375150
10.1108/IJOPM-10-2021-0627,10.1080/13675567.2013.812193
10.1061/(ASCE)CO.1943-7862.0002428,10.1016/j.autcon.2020.103401
10.1108/SCM-03-2021-0136,10.1108/SCM-06-2016-0197
10.1016/j.seps.2024.101928,10.1016/j.ejor.2008.02.014
10.1080/00207543.2016.1229066,10.1016/j.ijpe.2008.06.009
10.1111/jbl.12368,10.2753/MIS0742-1222280408
"JJ, 1989, MIS QUART, V13, P87, DOI 10.2307/248704",10.1002/smj.4250140105
10.1108/SCM-12-2018-0445,10.1111/j.1540-5915.1996.tb00842.x
10.1108/IJPDLM-01-2017-0035,10.1108/09600031111175825
"R, 1999, STUDY EDCENTRALIZE 1",10.1287/mnsc.45.2.178
10.1016/j.jclepro.2022.133964,10.1109/TEM.2021.3088518
10.30638/eemj.2023.018,10.1002/tqem.21932
10.1111/itor.13270,10.1287/mnsc.1060.0655
10.1080/00207543.2015.1068961,10.1007/s10479-011-0937-9
10.1108/IJOPM-03-2016-0121,10.1108/09600030810861215
10.1109/TEM.2022.3157625,10.1109/TEM.2020.3046764
10.1016/j.omega.2012.01.003,10.1016/j.ijindorg.2006.01.003
10.1016/j.cie.2009.02.010,10.1201/1078/44912.22.1.20051201/85739.7
10.1155/2022/6385201,10.1109/MySEC.2015.7475223
10.1061/(ASCE)CO.1943-7862.0002326,10.1007/s00521-020-05020-4
10.1080/09537280600965785,10.1016/S0022-4359(00)00037-3
10.1108/IJLSS-06-2020-0071,10.1108/01443579910260883
10.1108/IJLM-04-2021-0247,10.1108/09596110410537423
10.1002/nav.22102,10.1016/j.ejor.2016.10.002
10.1108/BPMJ-07-2020-0321,10.1080/00207540701802460
10.1371/journal.pone.0230152,10.1016/j.cie.2016.09.023
10.1080/00207543.2024.2316884,10.1007/s10479-022-05015-5
10.1016/j.eswa.2022.119267,10.1007/s11356-022-22115-8
10.1080/00207543.2015.1096977,10.1057/palgrave.jors.0391105
10.1016/j.eswa.2014.09.028,10.1016/j.ejor.2006.01.023
10.3390/math11092021,10.1016/j.compeleceng.2015.05.003
10.1080/00207543.2022.2042612,10.1016/j.cor.2013.08.001
10.3390/su12197890,10.1016/j.jclepro.2018.08.275
10.13073/FPJ-D-17-00055,10.1007/s10098-009-0246-z
10.1016/j.jclepro.2023.140438,10.1080/17517575.2020.1734240
10.1111/j.1540-5915.1998.tb01354.x,10.2307/1251511
10.1016/j.cie.2020.107048,10.1016/j.agsy.2012.06.002
10.3390/su16073046,10.1108/JSTPM-01-2021-0001
10.1016/j.aei.2011.07.007,10.3920/JCNS2008.x097
10.1108/BPMJ-06-2023-0418,10.1080/23311975.2021.2016556
10.1108/BPMJ-03-2023-0165,10.1080/13504509.2020.1862935
10.1108/02635571311312703,10.19030/JABR.V20I2.2209
10.1007/s11356-021-18311-7,10.3390/su13168764
Excellence Project-Junta de Andalucia,10.1016/j.jom.2014.11.002
10.1155/2022/4435296,10.4236/me.2021.121001
10.1155/2022/4435296,10.4236/ME.2021.121001
10.1109/TEM.2022.3192537,10.1109/TEM.2021.3052239
10.3390/su14159724,10.1108/SCM-09-2013-0349
10.1016/j.ins.2014.02.147,10.1016/S0951-5240(97)00018-9
10.1016/j.energy.2023.127106,10.1016/j.eneco.2015.05.003
10.3390/su10020359,10.1007/s10551-015-2833-8
"J ANAESTH, V13, P31, DOI 10.4103/sja.SJA_543_18",10.3390/jtaer18010004
10.1051/ro/2021184,10.1287/mksc.1070.0280
10.1016/j.jclepro.2020.124574,10.1016/j.wasman.2017.10.001
10.1080/13675567.2020.1784118,10.1016/j.indmarman.2014.02.015
10.1111/poms.12024,10.1287/inte.27.2.48
10.1108/SCM-07-2023-0333,10.1108/IJLM-04-2017-0093
10.1108/JBIM-07-2020-0342,10.1108/VJIKMS-12-2020-0219
10.3390/su14010143,10.3390/JOITMC6040179
10.1016/j.eswa.2012.02.014,10.1108/09590550810883450
10.1108/ARLA-03-2017-0078,10.1016/j.omega.2014.05.009
10.1109/ACCESS.2021.3137307,10.1016/j.cie.2020.106982
10.1016/j.ijpe.2013.12.019,10.1016/j.ijpe.2011.04.007
10.1080/07408170903459968,10.1017/S026996480000471X
10.1108/JMTM-09-2021-0359,10.1016/j.cmpbup.2020.100001
10.1108/BPMJ-08-2018-0220,10.1108/BIJ-05-2016-0062
"S, 2001, 13 INT BLED EL COMM",10.1007/BF02894509
10.1108/JBIM-06-2017-0141,10.1108/BIJ-05-2016-0062
10.1108/JMTM-11-2019-0395,10.1016/j.bushor.2018.12.001
10.3390/su13084434,10.1006/jevp.1999.0156
10.3390/su14137999,10.1016/j.cie.2020.106366
LAUNCHES RFID D,10.1016/S0925-5273(99)00093-6
10.1016/j.jom.2007.04.001,10.1007/BF02294359
10.1016/j.rcim.2010.06.028,10.1108/09596110410537423
10.1080/00207543.2020.1756504,10.1016/j.compind.2015.07.001
10.1016/j.giq.2012.08.006,10.2308/JIS.2008.22.2.195
10.1108/JEIM-05-2019-0124,10.1108/IJOPM-10-2011-0362
10.1080/0144929X.2010.510209,10.1037/0021-9010.81.4.411
10.1111/1756-2171.12103,10.1016/j.jacceco.2006.11.001
10.1080/1097198X.2021.2022396,10.1080/1097198X.2019.1603511
10.1080/1051712X.2018.1537559,10.1509/jmkg.72.3.94
10.1109/JSYST.2019.2950627,10.1016/j.jom.2014.12.004
10.3390/buildings12060766,10.3390/buildings12020171
10.1016/j.eswa.2024.123294,10.1287/mnsc.2015.2230
10.1080/002075400188870,10.1016/0010-4485(93)90062-S
10.1115/1.4046135,10.1016/j.asoc.2005.06.001
10.1108/K-08-2023-1570,10.1016/j.omega.2023.102886
10.1108/SCM-12-2013-0478,10.1108/13598541211258582
10.1007/s00170-009-2280-8,10.1016/S0377-2217(99)00332-X
10.1016/j.tifs.2016.04.003,10.1016/j.gexplo.2012.07.006
10.1016/j.tre.2024.103427,10.1016/j.ejor.2016.04.051
10.1108/IJOPM-08-2022-0503,10.1080/02508281.2020.1745000
10.1108/CMS-08-2015-0179,10.1093/erae/28.3.241
10.1108/JBIM-07-2020-0307,10.1108/17410401111101449
10.1051/ro/2022070,10.1108/SCM-03-2020-0124
10.1016/j.jclepro.2020.121865,10.1016/j.jclepro.2017.08.177
10.1111/jscm.12004,10.1016/0749-5978(91)90020-T
10.1108/02635570310465625,10.1108/09574099710805682
10.1109/TSMCA.2007.897587,10.1016/S1389-1286(01)00302-4
10.1016/j.jbusres.2015.12.035,10.1016/j.jeem.2010.11.003
10.1016/j.cie.2018.10.050,10.1080/00207543.2010.522086
10.1080/00207721.2013.777982,10.1016/S0022-4359(00)00037-3
10.5325/transportationj.54.2.0213,10.1016/j.ejor.2004.12.005
10.1504/EJIE.2023.134702,10.1016/j.tre.2019.10.003
10.5267/j.ijiec.2024.6.002,10.1016/j.foodcont.2019.107016
10.1108/IMDS-05-2022-0273,10.1016/j.jclepro.2019.118458
10.1111/j.1937-5956.2011.01299.x,10.2307/3172923
10.1097/HMR.0000000000000278,10.1177/1077558717719928
10.1108/IJPDLM-04-2020-0120,10.1007/s13198-018-00756-8
10.1016/j.jclepro.2018.12.322,10.1109/REVET.2012.6195303
10.1108/IMDS-10-2017-0465,10.5539/IJBM.V8N17P62
10.1108/IMDS-10-2017-0465,10.5539/ijbm.v8n17p62
10.1108/SCM-08-2015-0343,10.3846/16111699.2011.576749
10.1109/TEM.2024.3394034,10.1080/00207543.2022.2098873
10.1108/JMTM-11-2015-0093,10.1016/j.indmarman.2005.12.004
10.3390/buildings11070283,10.1007/978-3-030-35746-718
10.3390/buildings11070283,10.1007/978-3-030-35746-718
10.1287/msom.2021.1028,10.1016/j.jet.2015.02.007
10.1108/JBIM-10-2021-0491,10.1016/j.indmarman.2011.11.008
10.1186/s12911-021-01499-6,10.1093/intqhc/mzy007
10.1016/j.ejor.2010.08.010,10.1016/S0272-6963(96)00091-5
10.1155/2020/7989386,10.1080/21680566.2019.1670116
10.1111/poms.12418,10.1287/mnsc.43.12.1609
10.1108/JEIM-08-2022-0282,10.1037/h0076477
10.1080/09654313.2019.1575797,10.1080/09654310500418002
10.3934/jimo.2022232,10.1287/mnsc.2015.2194
10.1155/2020/7069291,10.1145/77600.77615
10.1016/j.cie.2021.107162,10.1287/trsc.2014.0523
10.1007/s40314-016-0415-8,10.1007/s40314-015-0298-0
10.1108/02635570610671506,10.2307/1879431
10.1108/IMDS-08-2020-0490,10.1016/j.dss.2015.09.004
10.1080/07408170902906001,10.1201/1078/44912.22.1.20051201/85739.7
10.1108/13598540610682381,10.1108/13598549810244296
10.1108/13598540910927269,10.2307/41166663
10.1080/00207543.2013.775523,10.1016/j.ijpe.2007.02.038
10.3390/su9020277,10.1016/j.inffus.2015.12.007
10.1002/nav.21609,10.1287/mnsc.1080.0930
10.1016/j.energy.2020.119712,10.1016/j.jclepro.2019.119521
10.1051/ro/2022075,10.1016/S0160-791X(99)00039-1
10.1111/1911-3846.12717,10.1016/j.mar.2010.04.001
10.1080/00207543.2015.1076943,10.1287/opre.51.2.210.12780
10.1108/JBIM-02-2023-0083,10.1007/s10639-021-10573-5
10.1080/00207543.2023.2284835,10.2501/JAR-2016-007
10.3390/app10144953,10.1080/00207540412331314406
10.1111/j.1745-493X.2011.03259.x,10.2307/1252172
10.1016/j.ejor.2019.02.034,10.1016/j.ifacol.2015.06.340
10.3390/su132111883,10.3390/su13169248
10.1287/msom.1120.0400,10.1257/000282803322157142
10.1016/j.cad.2007.06.012,10.1016/S0040-1625(99)00104-3
10.3390/su14095237,10.18502/KEG.V5I6.7048
10.1108/IJOEM-07-2021-1052,10.1088/1757-899X/455/1/012074
10.1080/09537287.2020.1834126,10.1016/j.ejor.2004.12.005
10.1287/msom.2020.0910,10.1287/msom.2017.0670
10.1108/K-06-2021-0529,10.1109/COMST.2018.2886932
10.3390/su16104029,10.1016/j.ijpe.2016.05.001
10.1007/s11356-021-12470-3,10.1109/REVET.2012.6195303
10.1108/IJOPM-12-2011-0487,10.1108/17410401011006121
10.1016/j.indmarman.2011.09.020,10.1177/009207039502300415
10.1016/j.indmarman.2011.09.020,10.1177/009207039502300415
10.1080/02681102.2017.1328655,10.1016/j.indmarman.2008.04.016
USAGE;,10.1111/j.1937-5956.2001.tb00065.x
10.1080/17517575.2016.1212274,10.1016/S0272-6963(00)00029-2
10.3390/buildings12091322,10.1080/15623599.2020.1783597
10.1371/journal.pone.0206793,10.1016/S0140-6736(12)60330-4
10.1007/s11518-022-5544-6,10.1002/j.2158-1592.2004.tb00171.x
10.1016/j.tre.2009.05.004,10.2307/3150783
10.1061/JCEMD4.COENG-11929,10.1061/(ASCE)LA.1943-4170.0000421
10.1080/00207543.2021.1938276,10.1016/j.ijpe.2011.04.007
10.3390/su132313050,10.1016/j.cie.2020.106435
10.1155/2020/1040658,10.1111/poms.12355
10.1016/j.cie.2021.107561,10.1016/j.resconrec.2016.01.004
10.4018/JGIM.2016010103,10.1016/S0022-4359(00)00037-3
10.1080/09537287.2019.1663289,10.1016/j.jom.2014.11.002
10.1108/K-08-2022-1196,10.1287/mnsc.1080.0893
10.1016/j.ejor.2019.03.029,10.1016/j.ejor.2016.11.046
10.1111/poms.13451,10.18637/jss.v067.i01
10.3390/su12093926,10.1108/JBIM-07-2016-0152
10.1108/IJLM-01-2016-0023,10.1006/obhd.2000.2883
"R, 1993, MANAGE SCI, V39, P944, DOI 10.1287/mnsc.39.8.944",10.1287/mnsc.39.8.944
10.3390/su14042347,10.1108/BIJ-05-2019-0220
10.1016/j.tre.2023.103355,10.2308/accr-52166
10.1016/j.cie.2023.109506,10.1287/mnsc.2015.2230
10.1016/j.jclepro.2022.131331,10.1016/j.ijpe.2012.08.003
10.1016/j.robot.2004.09.006,10.1016/0377-2217(95)00136-0
10.1080/09537287.2022.2114959,10.1108/SCM-02-2016-0044
10.3390/su12020713,10.1111/poms.12355
10.1016/j.jclepro.2023.136395,10.1016/j.resconrec.2016.01.004
10.1016/j.ejor.2017.09.042,10.1287/mnsc.43.12.1609
10.1093/imaman/dpaa006,10.1016/j.ifacol.2015.06.340
10.1109/TEM.2024.3354845,10.1016/j.jclepro.2019.119586
10.1108/JBIM-05-2022-0216,10.1080/00207543.2012.657976
10.1111/jbl.12362,10.1177/0972150913501606
10.1016/j.tre.2015.10.010,10.1016/S0377-2217(03)00033-X
10.2753/MIS0742-1222290306,10.1006/game.1996.0040
10.1111/poms.13952,10.1111/poms.12303
10.1016/j.cie.2023.109694,10.1016/j.jairtraman.2020.101931
10.1016/j.jmsy.2013.09.004,10.1016/j.ijpe.2005.10.007
10.1287/mksc.1080.0408,10.1016/S0167-7187(99)00035-1
10.4018/JGIM.301615,10.1016/j.techfore.2017.07.006
10.1016/j.cie.2018.08.036,10.1287/opre.1030.0092
10.1504/IJTM.2023.133927,10.1177/1476127007087152
10.1002/j.2158-1592.2008.tb00085.x,10.2307/20159599
10.1002/j.2158-1592.2008.tb00085.x,10.5465/20159599
10.1109/TEM.2022.3223899,10.1287/msom.2018.0752
10.1016/j.jom.2006.05.012,10.1002/smj.187
10.1016/j.jom.2006.05.007,10.2307/2667105
10.1016/j.pursup.2015.04.003,10.1016/j.ijpe.2004.05.010
10.1002/sdr.319,10.1111/j.1937-5956.2003.tb00501.x
10.1108/EJIM-12-2023-1094,10.1108/EJIM-03-2018-0058
10.1080/13675567.2020.1847262,10.1016/j.ijpe.2006.09.009
"'99), P173, DOI 10.1145/571637.571640",10.3390/healthcare7020056
10.1080/17517575.2012.754950,10.1016/S0736-5845(02)00007-8
10.1016/j.ejor.2009.06.022,10.1016/0377-2217(91)90253-R
10.1111/jbl.12077,10.2307/1251912
10.4018/JOEUC.298702,10.1108/IJCoMA-05-2013-0043
10.1016/j.ijpe.2013.10.008,10.1016/j.ijpe.2010.07.029
10.1016/j.jbusres.2022.06.021,10.1108/IJRDM-04-2019-0142
10.1080/00207543.2022.2065550,10.1016/j.cor.2020.105112
10.1109/ACCESS.2020.2998178,10.1109/TSUSC.2017.2691049
10.1016/j.ijpe.2007.09.002,10.1016/j.ejor.2004.07.060
10.1111/j.1937-5956.2009.01003.x,10.1016/0169-2070(91)90048-Z
10.1108/K-07-2023-1244,10.1016/j.jretconser.2020.102271
10.1109/TASE.2009.2035520,10.1145/966785.966788
10.1287/mnsc.2023.4673,10.1287/msom.2017.0670
10.32604/cmc.2023.036138,10.1007/s11042-019-07742-7
10.1016/j.seps.2023.101751,10.1016/j.ijpe.2019.05.018
10.3390/su12103959,10.1016/j.compind.2011.02.002
10.2308/HORIZONS-19-147,10.3386/W25407
10.1109/MNET.011.1900537,10.1145/3190508.3190538
10.1016/j.aei.2010.06.001,10.20506/rst.25.2.1689
10.1080/095372899233370,10.1049/TPE.1961.0104
10.1038/sj.jes.7500587,10.1016/0273-2300(81)90066-0
10.1016/j.aei.2018.04.004,10.1145/375551.375602
10.1016/j.aei.2018.04.004,10.1145/375551.375602
10.1108/IMDS-11-2019-0594,10.1108/BIJ-05-2016-0062
10.1016/j.eswa.2013.07.023,10.1287/isre.1070.0134
10.1080/01605682.2022.2108734,10.1007/s11227-017-2046-2
10.3390/healthcare8030243,10.1109/JBHI.2018.2870319
10.1155/2018/9313068,10.1016/j.jbusres.2003.08.004
10.3846/jbem.2022.16431,10.1007/978-3-319-70278-0_32
10.1108/13598540910980297,10.1108/13598540910954566
10.1086/721097,10.5950/0738-1360-25.4.333
10.1109/TEM.2020.2973643,10.1016/j.ejor.2012.01.062
10.1111/1540-5885.00036,10.1287/mnsc.37.3.267
10.3389/fmars.2022.966309,10.1016/j.ocecoaman.2020.105324
10.1108/IJMPB-04-2018-0074,10.1016/j.jbusres.2014.03.010
10.1016/j.ejor.2007.06.046,10.1016/0925-5273(94)90084-1
10.1080/14783363.2020.1858711,10.1080/00207543.2018.1465609
10.1061/(ASCE)0733-9364(2003)129:3(293),10.1061/(ASCE)0733-9364(1998)124:1(11)
10.1016/j.omega.2015.10.003,10.1287/mksc.1040.0103
10.1016/j.aei.2022.101540,10.1016/j.aei.2020.101225
10.1080/01605682.2023.2252832,10.2307/3009290
10.1016/j.techfore.2020.120551,10.1016/j.jii.2020.100129
10.1080/00207543.2021.1998697,10.14569/IJACSA.2017.081052
10.1080/00207543.2023.2296015,10.1287/mnsc.2015.2230
10.3390/su14031465,10.2307/1879431
10.1108/AAAJ-12-2022-6213,10.1108/AAAJ-08-2020-4794
10.1080/00207543.2022.2154406,10.1016/j.cor.2010.10.011
10.1111/poms.13343,10.1287/mksc.1070.0280
10.1111/poms.13192,10.1002/nav.21500
10.1080/00207543.2022.2120923,10.2307/4134367
10.3390/su10061727,10.1108/13598541211258582
10.1111/caim.12563,10.1111/j.1540-5915.2009.00236.x
10.1109/JIOT.2020.2971736,10.1109/CSE.2009.168
"'99), P173, DOI 10.1145/571637.571640",10.1145/3328833.3328857
10.1080/0951192X.2022.2027016,10.1242/jcs.02714
10.1108/09600031111185239,10.2307/3250961
10.1016/j.eswa.2016.08.006,10.2307/2667105
10.1108/IJOPM-07-2014-0309,10.1108/01443570310496599
10.1016/j.ejor.2018.08.002,10.1287/MKSC.2.3.239
10.1109/TII.2023.3262197,10.1109/JIOT.2021.3052067
10.1108/IJOPM-12-2022-0806,10.1108/SCM-02-2016-0044
10.3390/su16146169,10.1016/j.techfore.2022.122222
10.1080/09537287.2019.1630684,10.1016/j.ijpe.2006.09.009
10.3390/su13084206,10.1109/IICETA50496.2020.9318792
10.1111/jbl.12260,10.1111/jbl.12074
10.1109/JSEN.2015.2483499,10.1109/TETC.2013.2278698
10.1108/IJOPM-01-2022-0072,10.1016/j.clscn.2021.100011
10.1080/1051712X.2024.2336456,10.1287/mnsc.2014.2099
10.1016/j.jclepro.2021.128423,10.1016/j.iatssr.2013.11.001
ADOPTION; DIFFUSION; DETERMINANTS; IMPACT; TRUST;,10.1080/1046669X.2012.667760
10.3141/2548-11,10.4324/9781315806624
10.1108/JBIM-12-2020-0540,10.1007/978-3-319-47952-1_28
10.35530/IT.074.06.202364,10.1016/j.cie.2021.107130
10.1287/isre.1100.0345,10.1023/A:1007721630527
10.3390/app9204331,10.4018/978-1-4666-6050-2
10.1016/j.enpol.2021.112385,10.1016/j.reseneeco.2020.101180
10.1109/TSC.2023.3296808,10.1109/Trustcom/BigDataSE/ICESS.2017.283
10.1109/TASE.2020.3025784,10.1016/j.ejor.2003.08.027
10.1109/TEM.2019.2950694,10.1016/j.ijpe.2008.02.019
10.1108/JBIM-07-2020-0326,10.2307/3172490
10.1108/JBIM-02-2020-0095,10.1016/j.indmarman.2011.11.008
10.1007/s40265-020-01256-5,10.1016/j.semarthrit.2016.01.002
10.1108/JKM-04-2022-0280,10.3390/su13179675
10.1016/j.jclepro.2019.01.052,10.2307/1879431
10.2753/MIS0742-1222220310,10.2307/3250961
10.3390/su142315786,10.1061/(ASCE)CO.1943-7862.0000026
10.3390/su152015071,10.3390/buildings12111805
"Scholz T., 2016, OURS HACK OWN RISE P, DOI [DOI 10.22381/JSME4320161, 10.7903/cmr.11116]",10.1002/smj.821
10.1108/JKM-04-2023-0345,10.1016/0749-5978(91)90020-T
10.1108/BPMJ-01-2019-0027,10.1037/0033-2909.103.3.411
10.1080/09537287.2024.2358059,10.1108/IJQRM-Dec-2011-0160
10.1007/s11575-020-00425-8,10.1002/smj.2134
10.1109/ACCESS.2023.3327286,10.1109/ICCES48766.2020.9138012
10.1108/IJPDLM-11-2020-0367,10.1016/j.ecolecon.2005.03.020
10.1108/IJLM-07-2015-0118,10.1108/09600030810926475
10.1016/j.ejor.2010.04.036,10.1287/mnsc.1060.0588
10.1016/j.ijmedinf.2020.104246,10.1161/CIRCOUTCOMES.117.003800
10.1109/ACCESS.2020.2996675,10.1109/MCOM.2015.7081084
10.1108/EJM-06-2019-0515,10.1108/JCM-06-2013-0606
10.1108/00070701011088223,10.1002/smj.4250140105
10.1016/j.foodcont.2017.11.022,10.1016/j.jfoodeng.2009.02.004
10.1007/s44196-023-00294-7,10.1016/j.jclepro.2019.119586
10.1108/01443571211274558,10.1177/09500170022118400
10.1016/j.aei.2023.101998,10.1016/j.ijpe.2020.107844
10.1108/JBIM-02-2022-0076,10.1037/0033-2909.103.3.411
10.1002/csr.2674,10.1016/j.cie.2021.107130
10.1108/IMDS-06-2022-0372,10.1108/JMTM-02-2020-0036
"2011), P77, DOI 10.1109/LINDI.2011.6031124",10.1016/j.cie.2017.11.009
"Weber RH, 2013, COMPUT LAW SECUR REV, V29, P341, DOI 10.1016/j.clsr.2013.05.010",10.1108/SCM-09-2013-0349
10.1108/JEIM-01-2019-0020,10.1057/crr.2010.6
10.1080/09544820600645886,10.1080/095448298261679
10.3390/app11083335,10.1016/j.cogsys.2018.10.023
10.1108/IMDS-06-2016-0220,10.1109/70.63259
10.1108/IJOPM-10-2013-0470,10.1080/15228916.2014.920610
10.1111/j.1540-5885.2008.00312.x,10.1287/orsc.6.2.147
10.1108/IJRDM-02-2023-0055,10.1080/09537325.2020.1714579
